experiment,item,value,expected,passed
Encoding,state_vector_dimension,45.0,,
Encoding,goal_vector_dimension,45.0,,
Encoding,capability_vector_dimension,51.0,,
Capability compatibility,CreateOrder -> MakePayment,0.907911,high,
Capability compatibility,CreateOrder -> CancelCart,0.097032,low,
Capability composition,CreateOrder vs CompletePurchase,0.872274,,
Capability composition,MakePayment vs CompletePurchase,0.660102,,
Capability composition,SendNotification vs CompletePurchase,0.600233,,
Capability composition,Composite reliability,0.965349,,
Capability composition,Composite availability,0.960498,,
Capability composition,Composite goal relevance,1.0,,
Alternative implementations,API vs Database,0.930404,,
Alternative implementations,API vs GUI,0.926797,,
Goal relevance,CreateOrder,0.333333,,
Goal relevance,MakePayment,0.333333,,
Goal relevance,SendNotification,0.333333,,
Goal relevance,UpdateProfile,0.0,,
Operational attributes,CreateOrder reliability,0.99,,
Operational attributes,CreateOrder money cost,0.01,,
Operational attributes,MakePayment reliability,0.98,,
Operational attributes,MakePayment risk,0.1,,
Operational attributes,SendNotification availability,0.99,,
Operational attributes,CompletePurchase reliability,0.965349,,
